<?xml version="1.0" encoding="UTF-8"?>
<project-private xmlns="http://www.netbeans.org/ns/project-private/1">
    <editor-bookmarks xmlns="http://www.netbeans.org/ns/editor-bookmarks/2" lastBookmarkId="0"/>
    <open-files xmlns="http://www.netbeans.org/ns/projectui-open-files/2">
        <group>
            <file>file:/C:/Users/ranga/OneDrive/Documents/NetBeansProjects/University-Management-System-master/University%20Management%20System/src/university/management/system/Project.java</file>
            <file>file:/C:/Users/ranga/OneDrive/Documents/NetBeansProjects/University-Management-System-master/University%20Management%20System/src/university/management/system/StudentLeaveDetails.java</file>
            <file>file:/C:/Users/ranga/OneDrive/Documents/NetBeansProjects/University-Management-System-master/University%20Management%20System/src/university/management/system/Marks.java</file>
            <file>file:/C:/Users/ranga/OneDrive/Documents/NetBeansProjects/University-Management-System-master/University%20Management%20System/src/university/management/system/EnterMarks.java</file>
            <file>file:/C:/Users/ranga/OneDrive/Documents/NetBeansProjects/University-Management-System-master/University%20Management%20System/src/university/management/system/ExaminationDetails.java</file>
            <file>file:/C:/Users/ranga/OneDrive/Documents/NetBeansProjects/University-Management-System-master/University%20Management%20System/src/university/management/system/StudentLeave.java</file>
            <file>file:/C:/Users/ranga/OneDrive/Documents/NetBeansProjects/University-Management-System-master/University%20Management%20System/src/university/management/system/StudentFeeForm.java</file>
        </group>
    </open-files>
</project-private>
